{
  "project_info": {
    "project_number": "600494932564",
    "firebase_url": "https://testfirebase-7e4fb.firebaseio.com",
    "project_id": "testfirebase-7e4fb",
    "storage_bucket": "testfirebase-7e4fb.appspot.com"
  },
  "client": [
    {
      "client_info": {
        "mobilesdk_app_id": "1:600494932564:android:2b666ffb86a6e9e3",
        "android_client_info": {
          "package_name": "com.netsharp.test_firebase"
        }
      },
      "oauth_client": [
        {
          "client_id": "600494932564-hmmttj42s7d39201ke7taqtuo4k9748n.apps.googleusercontent.com",
          "client_type": 1,
          "android_info": {
            "package_name": "com.netsharp.test_firebase",
            "certificate_hash": "6d7755e24bc142e5e56af2dfbb87d2ae6a2fbef1"
          }
        },
        {
          "client_id": "600494932564-8uudoec7m609rcchtal8h18mmhib6jr2.apps.googleusercontent.com",
          "client_type": 3
        }
      ],
      "api_key": [
        {
          "current_key": "AIzaSyD3Ld_miSv57vAMGBdGYT5JerUj89g2aZA"
        }
      ],
      "services": {
        "appinvite_service": {
          "other_platform_oauth_client": [
            {
              "client_id": "600494932564-8uudoec7m609rcchtal8h18mmhib6jr2.apps.googleusercontent.com",
              "client_type": 3
            }
          ]
        }
      }
    },
    {
      "client_info": {
        "mobilesdk_app_id": "1:600494932564:android:39d22b333a23933298e3c1",
        "android_client_info": {
          "package_name": "com.netsharp.vpnapplication"
        }
      },
      "oauth_client": [
        {
          "client_id": "600494932564-meeu7talvp1bsqpvmlvr1r12dqrj0m7c.apps.googleusercontent.com",
          "client_type": 1,
          "android_info": {
            "package_name": "com.netsharp.vpnapplication",
            "certificate_hash": "6d7755e24bc142e5e56af2dfbb87d2ae6a2fbef1"
          }
        },
        {
          "client_id": "600494932564-8uudoec7m609rcchtal8h18mmhib6jr2.apps.googleusercontent.com",
          "client_type": 3
        }
      ],
      "api_key": [
        {
          "current_key": "AIzaSyD3Ld_miSv57vAMGBdGYT5JerUj89g2aZA"
        }
      ],
      "services": {
        "appinvite_service": {
          "other_platform_oauth_client": [
            {
              "client_id": "600494932564-8uudoec7m609rcchtal8h18mmhib6jr2.apps.googleusercontent.com",
              "client_type": 3
            }
          ]
        }
      }
    }
  ],
  "configuration_version": "1"
}